"plan_name,churn_rate"
"Basic,0.15736704446381866"
"Enterprise,0.33993276055285765"
"Pro,0.2886100386100386"
