"month,MRR,ARR"
"2023-01,26983.3,323799.6"
"2023-02,24918.65,299023.80000000005"
"2023-03,29556.45,354677.4"
"2023-04,25907.2,310886.4"
"2023-05,26754.75,321057.0"
"2023-06,25147.9,301774.80000000005"
"2023-07,26733.9,320806.80000000005"
"2023-08,25207.2,302486.4"
"2023-09,24787.95,297455.4"
"2023-10,27917.7,335012.4"
"2023-11,25757.8,309093.6"
"2023-12,27312.95,327755.4"
